index,player.id,team.id,Season,GP,GS,R,2B,3B,HR,SO,BB,IBB,H,HBP,AB,Pitches,IP,W,L,SV,SVo,HLD,BS,ER,BF,Outs,G,CG,SHO,Strikes,BK,WP,PK,GF,IR,IR-A,CI,SH,SF,stat.inningsPitched_1,stat.inningsPitched_2,BQR,BQR-S,SB,CS,QS,GIDP,GIDPo,Swings,Whiffs,BIP,RS,FO,PO,LO,GO,FH,PH,LH,GH,Team,count,ERA,WHIP,AVG,P/IP,K/9,BB/9,K/BB,HR/9,K%,BB%,K-BB%,GB,PU,LD,FB,BABIP,LOB%,FIP,xFIP,SIERA,ERA+,FIP+,xFIP+,SIERA+,GB/FB,LD%,GB%,FB%,PU%,HR/FB,Balls,Contacts,Strike%,Ball%,Whiff%,SwStr%,CStr%
3,448855,696.0,2024,1,1,0,0,0,0,6,0,0,2,0,19,59,6.0,1,0,0,0,0,0,0,19,18,1,0,0,39,0,0,0,0,0,0,0,0,0,6,0,0,0,0,0,1,1,1,27,9,13,12,4,1,0,6,0,0,1,1,MAG,,0.00,0.33,.110,9.83,9.00,0.00,inf,0.00,31.6,0.0,31.6,7,1,1,4,.150,100.0,1.03,1.08,1.61,200.0,174.05541561712846,172.79596977329973,163.8202247191011,1.75,7.7,53.8,30.8,7.7,0.00,20,18,66.1,33.9,33.3,15.3,20.3
54,454974,692.0,2024,1,0,0,1,0,0,0,0,0,2,0,3,10,0.2,0,0,0,0,0,0,0,3,2,1,0,0,5,0,0,0,0,0,0,0,0,0,0,2,0,0,0,0,0,0,1,4,0,3,0,0,0,0,1,1,0,1,0,ZUL,,0.00,3.00,.670,15.00,0.00,0.00,nan,0.00,0.0,0.0,0.0,1,0,1,1,.670,100.0,3.03,3.14,6.14,200.0,123.67758186397985,120.90680100755668,62.022471910112365,1.00,33.3,33.3,33.3,0.0,0.00,5,4,50.0,50.0,0.0,0.0,10.0
42,466463,698.0,2024,2,0,0,0,0,0,2,0,0,2,0,8,22,2.0,0,0,1,1,1,0,0,8,6,2,0,0,14,0,0,0,1,0,0,0,0,0,2,0,0,0,0,0,0,0,2,10,3,6,0,1,0,0,3,0,0,1,1,LAG,,0.00,1.00,.250,11.00,9.00,0.00,inf,0.00,25.0,0.0,25.0,4,0,1,1,.330,100.0,1.03,1.07,1.69,200.0,174.05541561712846,173.0478589420655,162.02247191011236,4.00,16.7,66.7,16.7,0.0,0.00,8,7,63.6,36.4,30.0,13.6,18.2
2,500610,696.0,2024,2,0,0,1,0,0,4,0,0,2,0,12,48,3.0,0,0,0,0,0,0,0,12,9,2,0,0,33,0,0,0,0,3,0,0,0,0,3,0,1,0,0,0,0,0,0,20,5,8,2,1,2,1,2,0,0,1,1,MAG,,0.00,0.67,.170,16.00,12.00,0.00,inf,0.00,33.3,0.0,33.3,3,2,2,1,.250,100.0,0.36,0.39,1.33,200.0,190.93198992443325,190.176322418136,170.11235955056182,3.00,25.0,37.5,12.5,25.0,0.00,15,15,68.8,31.2,25.0,10.4,27.1
56,500872,692.0,2024,1,0,0,0,0,0,0,1,0,0,0,3,19,1.0,0,0,0,0,1,0,0,4,3,1,0,0,10,0,0,0,0,0,0,0,0,0,1,0,0,0,0,0,0,0,1,8,1,3,0,1,0,0,2,0,0,0,0,ZUL,,0.00,1.00,.000,19.00,0.00,9.00,0.00,0.00,0.0,25.0,-25.0,2,0,0,1,.000,100.0,6.03,6.10,7.80,200.0,48.11083123425692,46.347607052896734,24.71910112359552,2.00,0.0,66.7,33.3,0.0,0.00,9,7,52.6,47.4,12.5,5.3,10.5
69,504083,695.0,2024,1,0,0,0,0,0,0,0,0,1,0,4,12,1.0,0,0,0,0,1,0,0,4,3,1,0,0,7,0,0,0,0,0,0,0,0,0,1,0,0,0,0,0,0,0,0,6,1,4,3,2,0,0,1,0,0,0,1,CAR,,0.00,1.00,.250,12.00,0.00,0.00,nan,0.00,0.0,0.0,0.0,2,0,0,2,.250,100.0,3.03,3.17,6.14,200.0,123.67758186397985,120.15113350125945,62.022471910112365,1.00,0.0,50.0,50.0,0.0,0.00,5,5,58.3,41.7,16.7,8.3,8.3
77,517448,695.0,2024,1,0,3,1,0,0,0,1,0,2,0,4,22,0.2,0,0,0,0,0,0,3,5,2,1,0,0,14,0,0,0,0,0,0,0,0,0,0,2,1,1,2,0,0,0,0,10,0,4,0,0,1,0,1,0,0,1,1,CAR,,40.50,4.50,.500,33.00,0.00,13.50,0.00,0.00,0.0,20.0,-20.0,2,1,1,0,.500,0.0,7.53,7.53,7.59,-820.1511335012593,10.32745591939548,10.32745591939548,29.438202247191025,inf,25.0,50.0,0.0,25.0,nan,8,10,63.6,36.4,0.0,0.0,18.2
45,542587,698.0,2024,1,1,1,1,0,0,4,2,0,4,0,11,51,3.1,0,0,0,0,0,0,1,13,10,1,0,0,30,0,0,1,0,0,0,0,0,0,3,1,2,0,1,2,0,1,1,20,9,7,2,0,0,0,3,0,0,2,2,LAG,,2.70,1.80,.360,15.30,10.80,5.40,2.00,0.00,30.8,15.4,15.4,5,0,2,0,.570,83.3,2.43,2.43,2.59,131.98992443324937,138.79093198992445,138.79093198992445,141.79775280898878,inf,28.6,71.4,0.0,0.0,nan,21,11,58.8,41.2,45.0,17.6,19.6
98,546276,693.0,2024,2,0,1,0,0,0,3,2,0,3,0,8,44,1.2,0,0,1,1,0,0,1,11,5,2,0,0,26,0,0,0,2,1,1,0,0,1,1,2,0,0,0,0,0,0,3,18,5,6,0,2,0,0,1,0,0,3,0,LAR,,5.40,3.00,.380,26.40,16.20,10.80,1.50,0.00,27.3,18.2,9.1,1,0,3,2,.500,80.0,3.03,3.12,4.22,63.97984886649874,123.67758186397985,121.41057934508817,105.16853932584272,0.50,50.0,16.7,33.3,0.0,0.00,18,13,59.1,40.9,27.8,11.4,18.2
8,553878,696.0,2024,2,0,0,0,0,0,1,0,0,3,0,9,35,2.1,0,0,0,0,1,0,0,9,7,2,0,0,26,0,0,0,0,1,0,0,0,0,2,1,0,0,0,0,0,1,3,19,3,8,1,1,1,0,3,0,0,1,2,MAG,,0.00,1.29,.330,15.00,3.86,0.00,inf,0.00,11.1,0.0,11.1,5,1,1,1,.380,100.0,2.17,2.20,3.37,200.0,145.34005037783376,144.58438287153652,124.26966292134831,5.00,12.5,62.5,12.5,12.5,0.00,9,16,74.3,25.7,15.8,8.6,20.0
99,553883,693.0,2024,1,0,3,0,0,1,0,0,0,2,0,4,14,0.1,0,1,0,1,0,1,2,4,1,1,0,0,8,0,0,0,0,0,0,0,0,0,0,1,1,1,0,0,0,0,2,7,1,4,0,1,0,0,1,0,0,2,0,LAR,,54.00,6.00,.500,42.00,0.00,0.00,nan,27.00,0.0,0.0,0.0,1,0,2,1,.330,-166.7,42.03,3.25,6.14,-1160.2015113350126,-858.6901763224182,118.1360201511335,62.022471910112365,1.00,50.0,25.0,25.0,0.0,1.00,6,6,57.1,42.9,14.3,7.1,7.1
55,570145,692.0,2024,2,0,0,0,0,0,1,0,0,1,0,5,13,1.1,0,0,0,0,0,0,0,5,4,2,0,0,11,0,0,0,0,3,0,0,0,0,1,1,0,0,0,0,0,0,0,7,2,4,0,3,0,0,0,0,0,0,1,ZUL,,0.00,0.75,.200,9.75,6.75,0.00,inf,0.00,20.0,0.0,20.0,1,0,0,3,.250,100.0,1.53,1.69,4.05,200.0,161.4609571788413,157.43073047858942,108.98876404494385,0.33,0.0,25.0,75.0,0.0,0.00,2,5,84.6,15.4,28.6,15.4,30.8
90,570502,694.0,2024,1,0,2,0,0,1,1,0,0,2,0,7,23,1.2,0,0,0,1,0,1,2,7,5,1,0,0,18,0,0,0,0,1,0,0,0,0,1,2,0,0,0,0,0,0,3,13,1,6,0,2,0,1,1,1,0,0,1,ORI,,10.80,1.20,.290,13.80,5.40,0.00,inf,5.40,14.3,0.0,14.3,2,0,1,3,.200,0.0,9.63,1.96,4.07,-72.04030226700252,-42.569269521410604,150.62972292191438,108.53932584269663,0.67,16.7,33.3,50.0,0.0,0.33,5,12,78.3,21.7,7.7,4.3,21.7
97,572102,693.0,2024,1,1,1,0,0,0,3,2,0,4,0,19,73,5.0,0,0,0,0,0,0,1,21,15,1,0,0,49,0,1,0,0,0,0,0,0,0,5,0,0,0,0,0,0,1,5,34,4,16,4,3,2,3,4,1,0,1,2,LAR,,1.80,1.20,.210,14.60,5.40,3.60,1.50,0.00,14.3,9.5,4.8,6,2,4,4,.250,83.3,3.03,3.09,4.96,154.65994962216624,123.67758186397985,122.1662468513854,88.53932584269664,1.50,25.0,37.5,25.0,12.5,0.00,24,30,67.1,32.9,11.8,5.5,20.5
19,591672,697.0,2024,1,1,1,2,0,0,3,2,0,4,1,14,59,4.0,0,1,0,0,0,0,1,18,12,1,0,0,32,0,0,0,0,0,0,0,0,1,4,0,0,0,1,0,0,1,2,28,8,12,0,4,1,0,3,0,0,2,2,MAR,,2.25,1.50,.290,14.75,6.75,4.50,1.50,0.00,16.7,11.1,5.6,5,1,2,4,.330,85.7,3.78,3.85,4.80,143.32493702770782,104.78589420654912,103.02267002518892,92.13483146067416,1.25,16.7,41.7,33.3,8.3,0.00,27,20,54.2,45.8,28.6,13.6,6.8
36,591701,698.0,2024,1,0,0,0,0,0,2,0,0,0,0,3,13,1.0,0,0,0,0,0,0,0,3,3,1,0,0,9,0,0,0,1,0,0,0,0,0,1,0,0,0,0,0,0,0,0,5,1,1,0,0,0,0,1,0,0,0,0,LAG,,0.00,0.00,.000,13.00,18.00,0.00,inf,0.00,66.7,0.0,66.7,1,0,0,0,.000,nan,-0.97,-0.97,-0.89,200.0,224.43324937027705,224.43324937027705,220.00000000000003,inf,0.0,100.0,0.0,0.0,nan,4,4,69.2,30.8,20.0,7.7,30.8
17,593163,697.0,2024,2,0,0,0,0,0,2,1,0,0,0,6,29,2.0,0,0,2,2,0,0,0,7,6,2,0,0,17,0,0,0,2,0,0,0,0,0,2,0,0,0,0,0,0,0,0,11,4,4,0,1,0,1,2,0,0,0,0,MAR,,0.00,0.50,.000,14.50,9.00,4.50,2.00,0.00,28.6,14.3,14.3,2,0,1,1,.000,100.0,2.53,2.57,3.46,200.0,136.27204030226702,135.26448362720402,122.24719101123596,2.00,25.0,50.0,25.0,0.0,0.00,12,7,58.6,41.4,36.4,13.8,20.7
13,593468,697.0,2024,1,0,0,0,0,0,2,0,0,1,0,4,17,1.0,0,0,0,0,0,0,0,4,3,1,0,0,11,0,1,0,1,0,0,0,0,0,1,0,0,0,0,0,0,0,0,9,3,2,0,1,0,0,0,0,0,1,0,MAR,,0.00,1.00,.250,17.00,18.00,0.00,inf,0.00,50.0,0.0,50.0,0,0,1,1,.500,100.0,-0.97,-0.90,-0.82,200.0,224.43324937027705,222.67002518891687,218.42696629213486,0.00,50.0,0.0,50.0,0.0,0.00,6,6,64.7,35.3,33.3,17.6,11.8
31,594582,699.0,2024,1,1,3,1,0,1,5,0,0,4,1,18,61,4.2,0,0,0,0,0,0,3,19,14,1,0,0,42,0,1,0,0,0,0,0,0,0,4,2,1,0,0,0,0,0,0,27,8,13,3,5,1,0,3,2,0,2,0,ARA,,5.79,0.86,.220,13.07,9.64,0.00,inf,1.93,26.3,0.0,26.3,3,1,2,7,.250,55.6,4.32,1.64,2.45,54.156171284634766,91.18387909319898,158.69017632241813,144.9438202247191,0.43,15.4,23.1,53.8,7.7,0.14,19,19,68.9,31.1,29.6,13.1,24.6
70,600526,695.0,2024,1,0,0,0,0,0,0,0,0,1,0,2,11,0.1,1,0,0,0,0,0,0,2,1,1,0,0,8,0,0,0,0,1,1,0,0,0,0,1,0,0,2,0,0,0,0,8,1,2,2,0,0,0,1,0,0,0,1,CAR,,0.00,3.00,.500,33.00,0.00,0.00,nan,0.00,0.0,0.0,0.0,2,0,0,0,.500,100.0,3.03,3.03,-2.38,200.0,123.67758186397985,123.67758186397985,253.4831460674157,inf,0.0,100.0,0.0,0.0,nan,3,7,72.7,27.3,12.5,9.1,0.0
68,600965,695.0,2024,1,0,0,0,0,0,1,0,0,0,0,3,8,1.0,0,0,0,0,0,0,0,3,3,1,0,0,7,0,0,0,0,0,0,0,0,0,1,0,0,0,0,0,0,0,0,4,1,2,0,1,0,1,0,0,0,0,0,CAR,,0.00,0.00,.000,8.00,9.00,0.00,inf,0.00,33.3,0.0,33.3,0,0,1,1,.000,nan,1.03,1.10,1.57,200.0,174.05541561712846,172.29219143576827,164.71910112359552,0.00,50.0,0.0,50.0,0.0,0.00,1,3,87.5,12.5,25.0,12.5,37.5
23,605636,697.0,2024,1,1,4,2,1,1,1,0,0,8,0,19,54,4.0,0,0,0,0,0,0,4,19,12,1,0,0,39,0,0,0,0,0,0,0,0,0,4,0,0,0,0,0,0,1,5,26,2,18,1,1,2,3,4,0,0,8,0,MAR,,9.00,2.00,.420,13.50,2.25,0.00,inf,2.25,5.3,0.0,5.3,4,2,11,1,.410,60.6,5.78,2.55,5.18,-26.700251889168758,54.408060453400495,135.76826196473553,83.59550561797755,4.00,61.1,22.2,5.6,11.1,1.00,15,24,72.2,27.8,7.7,3.7,24.1
59,606140,692.0,2024,1,1,1,2,0,0,2,1,0,2,0,12,47,3.1,0,0,0,0,0,0,1,13,10,1,0,0,36,0,0,0,0,0,0,0,0,0,3,1,0,0,0,0,0,0,1,26,5,10,2,4,0,0,4,1,0,0,1,ZUL,,2.70,0.90,.170,14.10,5.40,2.70,2.00,0.00,15.4,7.7,7.7,5,0,0,5,.200,66.7,2.73,2.84,4.59,131.98992443324937,131.23425692695213,128.46347607052897,96.85393258426967,1.00,0.0,50.0,50.0,0.0,0.00,11,21,76.6,23.4,19.2,10.6,21.3
26,606190,699.0,2024,1,0,0,0,0,0,1,0,0,0,0,3,8,1.0,0,0,0,0,0,0,0,3,3,1,0,0,6,0,0,0,1,0,0,0,0,0,1,0,0,0,0,0,0,0,0,3,1,2,0,2,0,0,0,0,0,0,0,ARA,,0.00,0.00,.000,8.00,9.00,0.00,inf,0.00,33.3,0.0,33.3,0,0,0,2,.000,nan,1.03,1.17,3.28,200.0,174.05541561712846,170.52896725440806,126.29213483146069,0.00,0.0,0.0,100.0,0.0,0.00,2,2,75.0,25.0,33.3,12.5,37.5
1,607162,696.0,2024,1,0,0,0,0,0,1,0,0,1,0,3,11,0.2,0,0,0,0,0,0,0,3,2,1,0,0,9,0,0,0,0,0,0,0,0,0,0,2,1,0,0,0,0,0,1,5,2,2,0,1,0,0,0,0,0,1,0,MAG,,0.00,1.50,.330,16.50,13.50,0.00,inf,0.00,33.3,0.0,33.3,0,0,1,1,.500,100.0,0.03,0.14,1.57,200.0,199.24433249370276,196.4735516372796,164.71910112359552,0.00,50.0,0.0,50.0,0.0,0.00,2,3,81.8,18.2,40.0,18.2,36.4
53,611093,692.0,2024,1,0,0,0,0,0,2,0,0,0,0,3,10,1.0,0,0,1,1,0,0,0,3,3,1,0,0,7,0,0,0,1,0,0,0,0,0,1,0,0,0,0,0,0,0,0,5,2,1,0,0,0,0,1,0,0,0,0,ZUL,,0.00,0.00,.000,10.00,18.00,0.00,inf,0.00,66.7,0.0,66.7,1,0,0,0,.000,nan,-0.97,-0.97,-0.89,200.0,224.43324937027705,224.43324937027705,220.00000000000003,inf,0.0,100.0,0.0,0.0,nan,3,3,70.0,30.0,40.0,20.0,20.0
78,620978,694.0,2024,1,0,0,0,0,0,1,0,0,0,0,4,9,1.1,0,0,0,0,0,0,0,4,4,1,0,0,7,0,0,0,0,1,0,0,0,0,1,1,0,0,0,0,0,0,0,6,1,3,1,2,0,0,1,0,0,0,0,ORI,,0.00,0.00,.000,6.75,6.75,0.00,inf,0.00,25.0,0.0,25.0,1,0,0,2,.000,nan,1.53,1.64,2.62,200.0,161.4609571788413,158.69017632241813,141.123595505618,0.50,0.0,33.3,66.7,0.0,0.00,2,5,77.8,22.2,16.7,11.1,11.1
21,621089,697.0,2024,2,0,1,0,0,0,0,1,0,3,1,9,45,2.0,1,0,0,1,0,1,1,11,6,2,0,0,29,0,1,0,0,0,0,0,0,0,2,0,0,0,0,0,0,0,3,23,4,9,4,2,1,1,2,0,0,1,2,MAR,,4.50,2.00,.330,22.50,0.00,4.50,0.00,0.00,0.0,9.1,-9.1,4,1,2,2,.330,80.0,6.03,6.10,6.92,86.64987405541562,48.11083123425692,46.347607052896734,44.49438202247191,2.00,22.2,44.4,22.2,11.1,0.00,16,19,64.4,35.6,17.4,8.9,13.3
74,621591,695.0,2024,1,0,1,0,0,1,1,0,0,1,0,4,11,1.0,0,0,0,0,0,0,1,4,3,1,0,0,9,0,0,0,0,0,0,0,0,0,1,0,0,0,0,0,0,0,0,7,2,3,0,1,0,0,1,1,0,0,0,CAR,,9.00,1.00,.250,11.00,9.00,0.00,inf,9.00,25.0,0.0,25.0,1,0,0,2,.000,-0.0,14.03,1.17,2.62,-26.700251889168758,-153.4005037783375,170.52896725440806,141.123595505618,0.50,0.0,33.3,66.7,0.0,0.50,2,5,81.8,18.2,28.6,18.2,18.2
58,621592,692.0,2024,1,0,0,0,0,0,1,0,0,0,0,3,11,1.0,0,0,0,0,0,0,0,3,3,1,0,0,7,0,0,0,0,0,0,0,0,0,1,0,0,0,0,0,0,0,0,6,3,2,1,1,0,1,0,0,0,0,0,ZUL,,0.00,0.00,.000,11.00,9.00,0.00,inf,0.00,33.3,0.0,33.3,0,0,1,1,.000,nan,1.03,1.10,1.57,200.0,174.05541561712846,172.29219143576827,164.71910112359552,0.00,50.0,0.0,50.0,0.0,0.00,4,3,63.6,36.4,50.0,27.3,9.1
35,621593,698.0,2024,2,0,0,0,0,0,3,0,0,0,0,7,33,2.2,1,0,0,0,1,0,0,7,8,2,0,0,23,0,0,0,0,2,0,0,0,0,2,2,0,0,0,0,0,1,1,20,8,4,2,0,1,0,3,0,0,0,0,LAG,,0.00,0.00,.000,12.38,10.12,0.00,inf,0.00,42.9,0.0,42.9,3,1,0,0,.000,nan,0.78,0.78,0.44,200.0,180.35264483627205,180.35264483627205,190.1123595505618,inf,0.0,75.0,0.0,25.0,nan,10,12,69.7,30.3,40.0,24.2,9.1
39,621594,698.0,2024,2,0,0,0,0,0,1,0,0,0,0,3,10,1.0,0,0,0,0,1,0,0,3,3,2,0,0,7,0,0,0,0,4,0,0,0,0,1,0,0,0,0,0,0,0,1,6,2,2,0,1,0,0,1,0,0,0,0,LAG,,0.00,0.00,.000,10.00,9.00,0.00,inf,0.00,33.3,0.0,33.3,1,0,0,1,.000,nan,1.03,1.10,1.33,200.0,174.05541561712846,172.29219143576827,170.11235955056182,1.00,0.0,50.0,50.0,0.0,0.00,3,4,70.0,30.0,33.3,20.0,10.0
49,622161,698.0,2024,1,0,2,0,0,1,1,0,0,5,0,9,31,2.0,0,0,0,0,0,0,2,10,6,1,0,0,20,0,0,0,0,0,0,0,0,1,2,0,0,0,0,0,0,1,5,15,3,9,0,1,0,0,3,1,0,3,1,LAG,,9.00,2.50,.560,15.50,4.50,0.00,inf,4.50,10.0,0.0,10.0,4,0,3,2,.500,83.3,8.53,2.10,4.09,-26.700251889168758,-14.861460957178796,147.10327455919395,108.08988764044945,2.00,33.3,44.4,22.2,0.0,0.50,11,12,64.5,35.5,20.0,9.7,16.1
7,622415,696.0,2024,3,0,0,0,0,0,2,0,0,3,0,12,36,3.0,0,0,0,0,0,0,0,12,9,3,0,0,26,0,0,0,2,0,0,0,0,0,3,0,0,0,0,0,0,0,2,22,7,10,0,5,0,0,2,0,0,3,0,MAG,,0.00,1.00,.250,12.00,6.00,0.00,inf,0.00,16.7,0.0,16.7,2,0,3,5,.300,100.0,1.70,1.82,3.99,200.0,157.17884130982367,154.15617128463478,110.33707865168539,0.40,30.0,20.0,50.0,0.0,0.00,10,15,72.2,27.8,31.8,19.4,11.1
24,622459,699.0,2024,1,0,0,0,0,0,1,0,0,0,0,1,4,0.1,0,0,0,0,0,0,0,1,1,1,0,0,3,0,0,0,0,1,0,0,0,0,0,1,0,0,0,0,0,0,0,2,2,0,0,0,0,0,0,0,0,0,0,ARA,,0.00,0.00,.000,12.00,27.00,0.00,inf,0.00,100.0,0.0,100.0,0,0,0,0,nan,nan,-2.97,-2.97,-3.19,200.0,274.8110831234257,274.8110831234257,271.685393258427,nan,nan,nan,nan,nan,nan,1,0,75.0,25.0,100.0,50.0,25.0
9,622795,696.0,2024,1,1,1,1,0,1,2,3,0,3,0,13,58,4.0,0,0,0,0,0,0,1,16,12,1,0,0,37,0,0,0,0,0,0,0,0,0,4,0,0,0,0,0,0,2,2,27,6,11,0,1,0,0,7,1,0,2,0,MAG,,2.25,1.50,.230,14.50,4.50,6.75,0.67,2.25,12.5,18.8,-6.3,7,0,2,2,.200,108.7,7.53,4.32,5.15,143.32493702770782,10.32745591939548,91.18387909319898,84.26966292134833,3.50,18.2,63.6,18.2,0.0,0.50,21,21,63.8,36.2,22.2,10.3,17.2
92,623412,693.0,2024,2,0,0,0,0,0,0,0,0,0,0,6,27,2.0,0,0,0,0,2,0,0,6,6,2,0,0,19,0,0,0,0,0,0,0,0,0,2,0,0,0,0,0,0,0,0,13,1,6,0,3,0,0,3,0,0,0,0,LAR,,0.00,0.00,.000,13.50,0.00,0.00,nan,0.00,0.0,0.0,0.0,3,0,0,3,.000,nan,3.03,3.14,6.14,200.0,123.67758186397985,120.90680100755668,62.022471910112365,1.00,0.0,50.0,50.0,0.0,0.00,8,12,70.4,29.6,7.7,3.7,22.2
63,624000,692.0,2024,1,0,4,2,0,0,0,1,1,3,0,7,16,1.0,0,0,0,0,0,0,3,8,3,1,0,0,13,0,0,0,1,0,0,0,0,0,1,0,0,0,0,0,0,0,2,11,0,7,0,2,0,0,2,1,0,2,0,ZUL,,27.00,4.00,.430,16.00,0.00,9.00,0.00,0.00,0.0,12.5,-12.5,2,0,2,3,.430,0.0,6.03,6.25,7.99,-480.1007556675063,48.11083123425692,42.56926952141058,20.449438202247183,0.67,28.6,28.6,42.9,0.0,0.00,3,11,81.2,18.8,0.0,0.0,12.5
44,628327,698.0,2024,1,1,1,0,0,0,3,3,0,2,1,16,72,5.0,1,0,0,0,0,0,1,20,15,1,0,0,43,0,1,0,0,0,0,0,0,0,5,0,0,0,0,0,0,0,4,31,10,13,2,5,1,1,4,0,0,2,0,LAG,,1.80,1.00,.120,14.40,5.40,5.40,1.00,0.00,15.0,15.0,0.0,4,1,3,5,.150,83.3,4.23,4.30,5.66,154.65994962216624,93.45088161209067,91.68765743073048,72.80898876404494,0.80,23.1,30.8,38.5,7.7,0.00,29,21,59.7,40.3,32.3,13.9,16.7
22,629845,697.0,2024,1,0,1,2,0,0,1,0,0,2,0,7,25,2.0,0,0,0,0,0,0,1,8,6,1,0,0,18,0,0,0,0,0,0,0,0,1,2,0,0,0,0,0,0,0,0,13,4,7,0,3,0,0,2,0,0,2,0,MAR,,4.50,1.00,.290,12.50,4.50,0.00,inf,0.00,12.5,0.0,12.5,2,0,2,3,.290,50.0,2.03,2.14,4.32,86.64987405541562,148.86649874055416,146.09571788413098,102.92134831460675,0.67,28.6,28.6,42.9,0.0,0.00,7,9,72.0,28.0,30.8,16.0,20.0
10,640959,696.0,2024,1,1,2,0,1,0,1,1,0,6,0,18,55,4.0,0,1,0,0,0,0,2,19,12,1,0,0,35,0,0,0,0,0,0,0,0,0,4,0,0,0,0,0,0,0,4,25,6,17,1,3,2,2,4,0,0,4,2,MAG,,4.50,1.75,.330,13.75,2.25,2.25,1.00,0.00,5.3,5.3,0.0,6,2,6,3,.350,71.4,3.28,3.33,5.77,86.64987405541562,117.38035264483628,116.12090680100758,70.33707865168542,2.00,35.3,35.3,17.6,11.8,0.00,20,19,63.6,36.4,24.0,10.9,18.2
46,641849,698.0,2024,3,0,1,1,0,0,3,0,0,7,0,15,61,2.2,0,0,1,1,1,0,1,15,8,3,0,0,43,0,0,0,1,0,0,0,0,0,2,2,2,0,0,0,0,0,3,32,8,12,0,1,0,0,4,0,0,5,2,LAG,,3.38,2.62,.470,22.88,10.12,0.00,inf,0.00,20.0,0.0,20.0,6,0,5,1,.580,85.7,0.78,0.81,2.37,114.86146095717883,180.35264483627205,179.5969773299748,146.74157303370788,6.00,41.7,50.0,8.3,0.0,0.00,18,24,70.5,29.5,25.0,13.1,18.0
14,642381,697.0,2024,1,0,0,0,0,0,0,0,0,0,0,3,11,1.0,0,0,0,0,0,0,0,3,3,1,0,0,8,0,0,0,0,0,0,0,0,0,1,0,0,0,0,0,0,0,0,6,0,3,0,0,0,0,3,0,0,0,0,MAR,,0.00,0.00,.000,11.00,0.00,0.00,nan,0.00,0.0,0.0,0.0,3,0,0,0,.000,nan,3.03,3.03,-2.38,200.0,123.67758186397985,123.67758186397985,253.4831460674157,inf,0.0,100.0,0.0,0.0,nan,3,6,72.7,27.3,0.0,0.0,18.2
47,642496,698.0,2024,1,1,2,2,0,0,3,1,0,6,0,15,59,3.0,0,0,0,0,0,0,2,16,9,1,0,0,45,0,0,0,0,0,0,0,0,0,3,0,0,0,0,0,0,0,4,33,6,12,1,4,1,0,1,1,0,4,1,LAG,,6.00,2.33,.400,19.67,9.00,3.00,3.00,0.00,18.8,6.2,12.6,2,1,4,5,.500,71.4,2.03,2.15,4.43,48.86649874055416,148.86649874055416,145.84382871536525,100.44943820224721,0.40,33.3,16.7,41.7,8.3,0.00,14,27,76.3,23.7,18.2,10.2,20.3
51,642570,698.0,2024,1,0,3,3,0,0,0,1,0,4,0,5,19,0.1,0,0,0,0,0,0,3,6,1,1,0,0,9,0,0,0,0,2,0,0,0,0,0,1,1,0,0,0,0,0,1,8,1,5,0,0,0,0,1,1,0,3,0,LAG,,81.00,15.00,.800,57.00,0.00,27.00,0.00,0.00,0.0,16.7,-16.7,1,0,3,1,.800,40.0,12.03,12.25,8.05,-1840.3022670025186,-103.02267002518887,-108.56423173803526,19.10112359550562,1.00,60.0,20.0,20.0,0.0,0.00,10,7,47.4,52.6,12.5,5.3,5.3
16,642582,697.0,2024,1,0,0,0,0,0,1,0,0,0,0,3,13,1.0,1,0,0,0,0,0,0,3,3,1,0,0,9,0,0,0,0,0,0,0,0,0,1,0,0,0,0,0,0,0,0,6,3,2,1,1,0,0,1,0,0,0,0,MAR,,0.00,0.00,.000,13.00,9.00,0.00,inf,0.00,33.3,0.0,33.3,1,0,0,1,.000,nan,1.03,1.10,1.33,200.0,174.05541561712846,172.29219143576827,170.11235955056182,1.00,0.0,50.0,50.0,0.0,0.00,4,3,69.2,30.8,50.0,23.1,23.1
11,642657,696.0,2024,1,1,3,1,0,0,0,2,0,5,1,14,55,3.0,0,0,0,0,0,0,3,17,9,1,0,0,33,0,0,0,0,0,0,0,0,0,3,0,2,1,0,0,0,0,6,23,3,14,3,5,1,0,3,1,0,2,2,MAG,,9.00,2.33,.360,18.33,0.00,6.00,0.00,0.00,0.0,11.8,-11.8,5,1,2,6,.360,62.5,6.03,6.17,7.87,-26.700251889168758,48.11083123425692,44.58438287153654,23.146067415730332,0.83,14.3,35.7,42.9,7.1,0.00,22,20,60.0,40.0,13.0,5.5,18.2
5,644403,696.0,2024,2,0,1,0,0,0,0,4,1,2,0,9,34,3.0,0,1,0,0,0,0,0,13,9,2,0,0,22,0,1,0,1,2,1,0,0,0,3,0,0,0,0,0,0,2,6,18,2,9,0,3,0,0,4,1,0,1,0,MAG,,0.00,2.00,.220,11.33,0.00,12.00,0.00,0.00,0.0,30.8,-30.8,4,0,1,4,.220,83.3,7.03,7.13,9.66,200.0,22.921914357682628,20.403022670025205,-17.078651685393265,1.00,11.1,44.4,44.4,0.0,0.00,12,16,64.7,35.3,11.1,5.9,11.8
57,650492,692.0,2024,1,0,0,0,0,0,4,0,0,1,0,6,32,2.0,1,0,0,0,0,0,0,6,6,1,0,0,21,0,0,0,0,0,0,0,0,0,2,0,0,0,0,1,0,0,1,17,8,2,1,0,0,0,1,0,0,1,0,ZUL,,0.00,0.50,.170,16.00,18.00,0.00,inf,0.00,66.7,0.0,66.7,1,0,1,0,.500,100.0,-0.97,-0.97,-1.15,200.0,224.43324937027705,224.43324937027705,225.8426966292135,inf,50.0,50.0,0.0,0.0,nan,11,9,65.6,34.4,47.1,25.0,12.5
65,660508,695.0,2024,1,0,0,0,0,0,1,1,0,1,0,4,25,1.0,0,0,0,0,0,0,0,5,3,1,0,0,16,0,0,0,1,0,0,0,0,0,1,0,0,0,0,0,0,0,1,11,2,3,0,1,0,0,1,1,0,0,0,CAR,,0.00,2.00,.250,25.00,9.00,9.00,1.00,0.00,20.0,20.0,0.0,1,0,0,2,.330,100.0,4.03,4.17,5.78,200.0,98.48866498740554,94.96221662468514,70.11235955056179,0.50,0.0,33.3,66.7,0.0,0.00,9,9,64.0,36.0,18.2,8.0,20.0
29,660522,699.0,2024,1,0,0,0,0,0,0,0,0,2,1,4,13,0.2,0,0,0,0,0,0,0,5,2,1,0,0,9,0,0,0,0,1,1,0,0,0,0,2,2,0,0,0,0,0,2,6,1,4,1,0,1,0,1,0,0,1,1,ARA,,0.00,3.00,.500,19.50,0.00,0.00,nan,0.00,0.0,0.0,0.0,2,1,1,0,.500,100.0,7.53,7.53,5.51,200.0,10.32745591939548,10.32745591939548,76.17977528089888,inf,25.0,50.0,0.0,25.0,nan,4,5,69.2,30.8,16.7,7.7,23.1
83,660671,694.0,2024,1,0,0,0,0,0,1,0,0,0,0,1,4,0.1,0,0,0,0,0,0,0,1,1,1,0,0,3,0,0,0,1,2,0,0,0,0,0,1,0,0,0,0,0,0,0,3,1,0,0,0,0,0,0,0,0,0,0,ORI,,0.00,0.00,.000,12.00,27.00,0.00,inf,0.00,100.0,0.0,100.0,0,0,0,0,nan,nan,-2.97,-2.97,-3.19,200.0,274.8110831234257,274.8110831234257,271.685393258427,nan,nan,nan,nan,nan,nan,1,2,75.0,25.0,33.3,25.0,0.0
15,660734,697.0,2024,1,0,0,0,0,0,1,0,0,1,1,6,27,2.0,0,0,0,0,0,0,0,7,6,1,0,0,19,0,0,0,0,0,0,0,0,0,2,0,0,0,0,1,0,0,0,12,1,5,2,3,0,0,1,0,0,1,0,MAR,,0.00,0.50,.170,13.50,4.50,0.00,inf,0.00,14.3,0.0,14.3,1,0,1,3,.200,100.0,3.53,3.64,4.54,200.0,111.0831234256927,108.31234256926953,97.97752808988764,0.33,20.0,20.0,60.0,0.0,0.00,8,11,70.4,29.6,8.3,3.7,25.9
71,660788,695.0,2024,1,1,0,0,0,0,4,0,0,2,0,13,46,4.0,0,0,0,0,0,0,0,13,12,1,0,0,31,0,0,0,0,0,0,0,0,0,4,0,0,0,0,0,0,1,2,23,9,9,2,2,0,1,4,0,0,0,2,CAR,,0.00,0.50,.150,11.50,9.00,0.00,inf,0.00,30.8,0.0,30.8,6,0,1,2,.220,100.0,1.03,1.07,1.40,200.0,174.05541561712846,173.0478589420655,168.53932584269666,3.00,11.1,66.7,22.2,0.0,0.00,15,14,67.4,32.6,39.1,19.6,17.4
73,663778,695.0,2024,1,0,1,0,0,1,0,0,0,2,0,4,14,1.0,0,0,0,0,0,0,1,4,3,1,0,0,8,0,0,0,0,0,0,0,0,0,1,0,0,0,0,0,0,1,2,6,0,4,4,1,0,0,1,1,0,1,0,CAR,,9.00,2.00,.500,14.00,0.00,0.00,nan,9.00,0.0,0.0,0.0,1,0,1,2,.330,166.7,16.03,3.17,7.03,-26.700251889168758,-203.7783375314862,120.15113350125945,42.02247191011237,0.50,25.0,25.0,50.0,0.0,0.50,6,6,57.1,42.9,0.0,0.0,14.3
75,664584,695.0,2024,1,0,1,0,0,1,2,0,0,1,0,4,13,1.0,0,1,0,0,0,0,1,4,3,1,0,0,11,0,0,0,1,0,0,0,0,0,1,0,0,0,0,0,0,0,0,11,7,2,0,1,0,0,0,1,0,0,0,CAR,,9.00,1.00,.250,13.00,18.00,0.00,inf,9.00,50.0,0.0,50.0,0,0,0,2,.000,-0.0,12.03,-0.83,-0.37,-26.700251889168758,-103.02267002518887,220.90680100755668,208.31460674157304,0.00,0.0,0.0,100.0,0.0,0.50,2,4,84.6,15.4,63.6,53.8,0.0
72,665859,695.0,2024,1,0,1,3,0,0,1,0,0,5,0,12,44,2.2,0,0,0,0,0,0,1,12,8,1,0,0,31,0,0,0,0,0,0,0,0,0,2,2,0,0,0,0,0,0,1,25,3,11,0,4,1,0,1,1,0,3,1,CAR,,3.38,1.88,.420,16.50,3.38,0.00,inf,0.00,8.3,0.0,8.3,2,1,3,5,.450,80.0,2.28,2.41,5.86,114.86146095717883,142.5692695214106,139.2947103274559,68.31460674157303,0.40,27.3,18.2,45.5,9.1,0.00,13,22,70.5,29.5,12.0,6.8,13.6
84,666005,694.0,2024,2,0,0,1,0,0,0,0,0,1,0,9,26,2.2,0,0,0,0,0,0,0,9,8,2,0,0,19,0,0,0,0,0,0,0,0,0,2,2,0,0,0,0,0,0,0,13,1,9,2,2,0,0,6,1,0,0,0,ORI,,0.00,0.38,.110,9.75,0.00,0.00,nan,0.00,0.0,0.0,0.0,6,0,0,3,.110,100.0,3.03,3.11,4.79,200.0,123.67758186397985,121.66246851385392,92.35955056179776,2.00,0.0,66.7,33.3,0.0,0.00,7,12,73.1,26.9,7.7,3.8,23.1
86,666007,694.0,2024,1,1,5,2,0,1,1,1,0,7,0,16,68,2.2,0,0,0,0,0,0,2,17,8,1,0,0,40,0,0,0,0,0,0,0,0,0,2,2,2,0,0,0,0,0,2,27,1,15,5,4,0,0,4,2,0,4,1,ORI,,6.75,3.00,.440,25.50,3.38,3.38,1.00,3.38,5.9,5.9,0.0,5,0,4,6,.430,45.5,8.28,3.57,5.96,29.97481108312343,-8.564231738035222,110.07556675062973,66.06741573033707,0.83,26.7,33.3,40.0,0.0,0.17,28,26,58.8,41.2,3.7,1.5,19.1
64,666661,692.0,2024,1,0,3,0,0,1,1,2,0,1,0,2,19,0.1,0,0,0,0,0,0,3,4,1,1,0,0,6,0,0,0,0,0,0,0,0,0,0,1,0,0,0,0,0,0,1,3,0,1,0,0,0,0,0,1,0,0,0,ZUL,,81.00,9.00,.500,57.00,27.00,54.00,0.50,27.00,25.0,50.0,-25.0,0,0,0,1,nan,0.0,54.03,15.25,8.99,-1840.3022670025186,-1160.9571788413098,-184.13098236775815,-2.022471910112378,0.00,0.0,0.0,100.0,0.0,1.00,13,3,31.6,68.4,0.0,0.0,15.8
20,666673,697.0,2024,1,1,2,0,0,0,3,1,0,4,0,17,60,5.0,0,0,0,0,0,0,2,18,15,1,0,0,38,0,0,0,0,0,0,0,0,0,5,0,2,1,0,0,0,2,3,32,8,14,1,3,0,0,7,1,0,2,1,MAR,,3.60,1.00,.240,12.00,5.40,1.80,3.00,0.00,16.7,5.6,11.1,8,0,2,4,.290,60.0,2.43,2.49,3.73,109.3198992443325,138.79093198992445,137.27959697733,116.1797752808989,2.00,14.3,57.1,28.6,0.0,0.00,22,24,63.3,36.7,25.0,13.3,10.0
93,666721,693.0,2024,1,1,0,1,0,0,2,0,0,5,0,18,57,5.0,1,0,0,0,0,0,0,18,15,1,0,0,44,0,0,0,0,0,0,0,0,0,5,0,0,0,1,0,0,2,4,33,6,16,2,2,2,1,6,0,0,3,2,LAR,,0.00,1.00,.280,11.40,3.60,0.00,inf,0.00,11.1,0.0,11.1,8,2,4,2,.310,100.0,2.23,2.26,3.86,200.0,143.8287153652393,143.07304785894206,113.25842696629213,4.00,25.0,50.0,12.5,12.5,0.00,13,27,77.2,22.8,18.2,10.5,19.3
0,667686,696.0,2024,2,0,0,0,0,0,1,1,0,1,0,8,36,2.1,0,0,0,0,0,0,0,9,7,2,0,0,20,0,0,0,0,1,0,0,0,0,2,1,0,0,0,0,0,0,0,19,7,7,1,1,1,0,4,0,0,0,1,MAG,,0.00,0.86,.120,15.43,3.86,3.86,1.00,0.00,11.1,11.1,0.0,5,1,0,1,.140,100.0,3.46,3.49,4.45,200.0,112.8463476070529,112.09068010075566,100.0,5.00,0.0,71.4,14.3,14.3,0.00,16,12,55.6,44.4,36.8,19.4,2.8
67,668761,695.0,2024,1,0,0,0,0,0,0,0,0,0,0,3,12,1.0,0,0,0,0,0,0,0,3,3,1,0,0,9,0,0,0,0,0,0,0,0,0,1,0,0,0,0,0,0,0,0,8,1,3,2,3,0,0,0,0,0,0,0,CAR,,0.00,0.00,.000,12.00,0.00,0.00,nan,0.00,0.0,0.0,0.0,0,0,0,3,.000,nan,3.03,3.25,14.67,200.0,123.67758186397985,118.1360201511335,-129.6629213483146,0.00,0.0,0.0,100.0,0.0,0.00,3,7,75.0,25.0,12.5,8.3,8.3
32,671781,699.0,2024,1,0,1,0,0,1,0,0,0,1,1,4,11,1.1,0,0,0,0,0,0,1,5,4,1,0,0,8,0,0,0,0,2,2,0,0,0,1,1,0,0,0,0,0,1,1,8,2,4,0,2,0,0,1,1,0,0,0,ARA,,6.75,0.75,.250,8.25,0.00,0.00,nan,6.75,0.0,0.0,0.0,1,0,0,3,.000,166.7,15.03,5.44,7.95,29.97481108312343,-178.5894206549118,62.97229219143576,21.34831460674158,0.33,0.0,25.0,75.0,0.0,0.33,3,6,72.7,27.3,25.0,18.2,0.0
88,673394,694.0,2024,1,0,2,1,0,1,0,0,0,3,0,8,32,2.0,0,0,0,0,0,0,2,9,6,1,0,0,19,0,0,0,1,0,0,0,0,1,2,0,0,0,0,0,0,0,1,16,5,9,0,2,2,0,2,2,0,0,1,ORI,,9.00,1.50,.380,16.00,0.00,0.00,nan,4.50,0.0,0.0,0.0,3,2,0,4,.250,62.5,9.53,3.17,7.50,-26.700251889168758,-40.05037783375314,120.15113350125945,31.46067415730338,0.75,0.0,33.3,44.4,22.2,0.25,13,11,59.4,40.6,31.2,15.6,9.4
30,673455,699.0,2024,1,1,1,1,0,0,3,1,0,3,0,17,64,4.2,0,0,0,0,0,0,1,18,14,1,0,0,40,0,0,0,0,0,0,0,0,0,4,2,1,1,0,0,0,0,4,27,7,14,5,6,1,0,4,0,0,1,2,ARA,,1.93,0.86,.180,13.71,5.79,1.93,3.00,0.00,16.7,5.6,11.1,6,1,1,6,.210,75.0,2.39,2.48,4.21,151.3853904282116,139.79848866498742,137.53148614609572,105.3932584269663,1.00,7.1,42.9,42.9,7.1,0.00,24,20,62.5,37.5,25.9,10.9,20.3
50,673603,698.0,2024,1,1,5,2,0,2,1,2,1,5,0,12,49,2.2,0,1,0,0,0,0,5,15,8,1,0,0,35,0,0,0,0,0,0,0,0,1,2,2,2,0,0,0,0,0,2,25,2,12,0,4,0,1,2,2,0,2,1,LAG,,16.88,2.62,.420,18.38,3.38,6.75,0.50,6.75,6.7,13.3,-6.6,3,0,3,6,.300,47.6,14.28,4.69,7.21,-225.1889168765743,-159.6977329974811,81.86397984886649,37.977528089887656,0.50,25.0,25.0,50.0,0.0,0.33,14,23,71.4,28.6,8.0,4.1,20.4
89,673648,694.0,2024,1,1,5,2,0,1,2,0,0,8,0,17,68,2.2,0,1,0,0,0,0,3,17,8,1,0,0,49,1,0,0,0,0,0,0,0,0,2,2,1,0,0,0,0,0,6,42,5,15,0,1,4,0,2,1,1,5,1,ORI,,10.12,3.00,.470,25.50,6.75,0.00,inf,3.38,11.8,0.0,11.8,3,5,5,2,.500,45.5,6.40,1.58,4.78,-54.91183879093198,38.790931989924424,160.20151133501258,92.58426966292134,1.50,33.3,20.0,13.3,33.3,0.50,19,37,72.1,27.9,11.9,7.4,10.3
79,674289,694.0,2024,1,0,2,0,0,0,0,1,0,2,0,4,23,0.2,0,0,0,0,0,0,0,6,2,1,0,0,12,1,0,0,0,0,0,0,0,1,0,2,2,0,0,0,0,0,2,9,2,5,0,1,0,0,2,0,0,1,1,ORI,,0.00,4.50,.500,34.50,0.00,13.50,0.00,0.00,0.0,16.7,-16.7,3,0,1,1,.400,33.3,7.53,7.64,6.40,200.0,10.32745591939548,7.556675062972307,56.17977528089888,3.00,20.0,60.0,20.0,0.0,0.00,11,7,52.2,47.8,22.2,8.7,13.0
37,675842,698.0,2024,2,0,1,0,0,0,1,3,1,2,0,5,26,1.0,0,1,0,0,1,0,0,8,3,2,0,0,11,0,0,0,0,0,0,0,0,0,1,0,4,0,1,0,0,0,4,7,1,4,0,2,0,0,0,0,0,1,1,LAG,,0.00,5.00,.400,26.00,9.00,27.00,0.33,0.00,12.5,37.5,-25.0,1,0,1,2,.500,80.0,10.03,10.17,8.85,200.0,-52.64483627204029,-56.17128463476071,1.1235955056180025,0.50,25.0,25.0,50.0,0.0,0.00,15,6,42.3,57.7,14.3,3.8,15.4
18,677743,697.0,2024,2,0,0,0,0,0,1,0,0,0,0,8,32,3.0,0,0,0,0,0,0,0,9,9,2,0,0,20,0,0,0,0,2,1,0,0,1,3,0,0,0,0,0,0,0,1,17,2,8,2,5,0,0,3,0,0,0,0,MAR,,0.00,0.00,.000,10.67,3.00,0.00,inf,0.00,11.1,0.0,11.1,3,0,0,5,.000,nan,2.36,2.48,4.84,200.0,140.55415617128463,137.53148614609572,91.23595505617979,0.60,0.0,37.5,62.5,0.0,0.00,12,15,62.5,37.5,11.8,6.2,9.4
62,678287,692.0,2024,1,0,1,1,0,0,0,0,0,3,0,5,10,0.2,0,0,0,0,0,0,1,5,2,1,0,0,8,0,0,0,0,0,0,0,0,0,0,2,0,0,0,0,0,0,1,6,0,5,0,1,0,0,1,0,0,2,1,ZUL,,13.50,4.50,.600,15.00,0.00,0.00,nan,0.00,0.0,0.0,0.0,2,0,2,1,.600,66.7,3.03,3.14,5.51,-140.05037783375315,123.67758186397985,120.90680100755668,76.17977528089888,2.00,40.0,40.0,20.0,0.0,0.00,2,6,80.0,20.0,0.0,0.0,20.0
52,678640,692.0,2024,1,0,0,0,0,0,0,0,0,0,0,1,1,0.1,0,0,0,0,0,0,0,1,1,1,0,0,1,0,0,0,0,2,0,0,0,0,0,1,0,0,0,0,0,0,0,1,0,1,0,0,1,0,0,0,0,0,0,ZUL,,0.00,0.00,.000,3.00,0.00,0.00,nan,0.00,0.0,0.0,0.0,0,1,0,0,.000,nan,3.03,3.03,14.67,200.0,123.67758186397985,123.67758186397985,-129.6629213483146,nan,0.0,0.0,0.0,100.0,nan,0,1,100.0,0.0,0.0,0.0,0.0
82,678707,694.0,2024,1,1,0,0,0,0,1,2,0,3,1,13,70,3.2,0,0,0,0,0,0,0,16,11,1,0,0,42,0,0,0,0,0,0,0,0,0,3,2,2,0,0,0,0,1,3,33,5,12,1,5,1,0,3,0,0,2,1,ORI,,0.00,1.36,.230,19.09,2.45,4.91,0.50,0.00,6.2,12.5,-6.3,4,1,2,5,.250,100.0,4.94,5.04,6.88,200.0,75.56675062972292,73.04785894206549,45.39325842696631,0.80,16.7,33.3,41.7,8.3,0.00,28,28,60.0,40.0,15.2,7.1,12.9
76,678789,695.0,2024,1,1,5,2,1,0,3,1,0,8,0,13,52,2.1,0,0,0,0,0,0,5,15,7,1,0,0,39,0,1,0,0,0,0,0,0,1,2,1,0,0,0,0,0,1,2,30,7,11,5,1,0,0,2,0,0,5,3,CAR,,19.29,3.86,.620,22.29,11.57,3.86,3.00,0.00,20.0,6.7,13.3,5,0,5,1,.730,44.4,1.74,1.78,3.29,-285.8942065491183,156.1712846347607,155.16372795969772,126.06741573033709,5.00,45.5,45.5,9.1,0.0,0.00,13,23,75.0,25.0,23.3,13.5,17.3
33,678973,699.0,2024,1,0,2,0,0,0,0,0,0,2,0,4,16,0.2,0,1,0,0,0,0,2,4,2,1,0,0,9,0,0,0,0,0,0,0,0,0,0,2,2,2,0,0,0,0,2,8,1,4,0,1,0,1,0,0,0,1,1,ARA,,27.00,3.00,.500,24.00,0.00,0.00,nan,0.00,0.0,0.0,0.0,1,0,2,1,.500,0.0,3.03,3.14,6.14,-480.1007556675063,123.67758186397985,120.90680100755668,62.022471910112365,1.00,50.0,25.0,25.0,0.0,0.00,7,7,56.2,43.8,12.5,6.2,6.2
87,678981,694.0,2024,1,0,1,1,0,1,0,0,0,3,0,5,9,1.0,0,0,0,0,0,0,1,5,3,1,0,0,8,0,0,0,0,0,0,0,0,0,1,0,0,0,0,0,0,1,2,7,0,5,1,0,0,0,2,2,0,0,1,ORI,,9.00,3.00,.600,9.00,0.00,0.00,nan,9.00,0.0,0.0,0.0,3,0,0,2,.500,125.0,16.03,3.17,5.51,-26.700251889168758,-203.7783375314862,120.15113350125945,76.17977528089888,1.50,0.0,60.0,40.0,0.0,0.50,1,7,88.9,11.1,0.0,0.0,11.1
96,679338,693.0,2024,1,0,0,0,0,0,0,0,0,0,0,2,9,0.2,0,0,0,0,1,0,0,2,2,1,0,0,7,0,0,0,0,2,1,0,0,0,0,2,0,0,0,0,0,0,1,5,1,2,0,0,0,1,1,0,0,0,0,LAR,,0.00,0.00,.000,13.50,0.00,0.00,nan,0.00,0.0,0.0,0.0,1,0,1,0,.000,nan,3.03,3.03,3.55,200.0,123.67758186397985,123.67758186397985,120.2247191011236,inf,50.0,50.0,0.0,0.0,nan,2,4,77.8,22.2,20.0,11.1,22.2
91,680632,694.0,2024,2,0,2,0,0,0,2,0,0,3,1,6,20,1.1,0,1,0,0,0,0,2,8,4,2,0,0,13,0,1,0,0,2,0,0,1,0,1,1,1,0,0,0,0,0,2,10,2,5,0,1,0,0,1,0,0,2,1,ORI,,13.50,2.25,.500,15.00,13.50,0.00,inf,0.00,25.0,0.0,25.0,2,0,2,1,.750,50.0,2.28,2.33,2.36,-140.05037783375315,142.5692695214106,141.30982367758187,146.96629213483146,2.00,40.0,40.0,20.0,0.0,0.00,7,8,65.0,35.0,20.0,10.0,15.0
95,681458,693.0,2024,1,0,0,0,0,0,1,0,0,0,0,3,15,1.0,0,0,0,0,1,0,0,3,3,1,0,0,12,0,0,0,0,0,0,0,0,0,1,0,0,0,0,0,0,0,0,10,1,2,0,1,0,0,1,0,0,0,0,LAR,,0.00,0.00,.000,15.00,9.00,0.00,inf,0.00,33.3,0.0,33.3,1,0,0,1,.000,nan,1.03,1.10,1.33,200.0,174.05541561712846,172.29219143576827,170.11235955056182,1.00,0.0,50.0,50.0,0.0,0.00,3,9,80.0,20.0,10.0,6.7,13.3
48,681617,698.0,2024,1,0,2,0,0,0,1,1,0,2,1,7,28,2.0,0,0,0,0,0,0,2,10,6,1,0,0,16,0,0,0,0,1,0,0,0,1,2,0,0,0,0,0,0,0,2,15,5,7,0,1,0,0,4,0,0,1,1,LAG,,9.00,1.50,.290,14.00,4.50,4.50,1.00,0.00,10.0,10.0,0.0,5,0,1,1,.290,50.0,5.03,5.07,4.05,-26.700251889168758,73.29974811083125,72.29219143576826,108.98876404494385,5.00,14.3,71.4,14.3,0.0,0.00,12,10,57.1,42.9,33.3,17.9,3.6
38,681619,698.0,2024,2,0,0,0,0,0,1,0,0,0,0,9,27,3.0,0,0,0,0,0,0,0,9,9,2,0,0,19,0,0,0,0,0,0,0,0,0,3,0,0,0,0,0,0,0,0,14,2,8,1,4,0,0,4,0,0,0,0,LAG,,0.00,0.00,.000,9.00,3.00,0.00,inf,0.00,11.1,0.0,11.1,4,0,0,4,.000,nan,2.36,2.46,4.35,200.0,140.55415617128463,138.03526448362723,102.24719101123596,1.00,0.0,50.0,50.0,0.0,0.00,8,12,70.4,29.6,14.3,7.4,18.5
66,682845,695.0,2024,1,0,0,0,0,0,2,0,0,0,0,3,11,1.0,0,0,0,0,0,0,0,3,3,1,0,0,8,0,0,0,0,0,0,0,0,0,1,0,0,0,0,0,0,0,0,6,2,1,0,0,0,0,1,0,0,0,0,CAR,,0.00,0.00,.000,11.00,18.00,0.00,inf,0.00,66.7,0.0,66.7,1,0,0,0,.000,nan,-0.97,-0.97,-0.89,200.0,224.43324937027705,224.43324937027705,220.00000000000003,inf,0.0,100.0,0.0,0.0,nan,3,4,72.7,27.3,33.3,18.2,18.2
28,682949,699.0,2024,1,0,0,0,0,0,2,1,0,1,0,6,25,1.2,1,0,0,0,0,0,0,7,5,1,0,0,14,0,0,0,0,2,0,0,0,0,1,2,0,0,0,0,0,0,1,12,3,4,0,2,0,0,1,0,0,0,1,ARA,,0.00,1.20,.170,15.00,10.80,5.40,2.00,0.00,28.6,14.3,14.3,2,0,0,2,.250,100.0,2.43,2.52,3.55,200.0,138.79093198992445,136.52392947103274,120.2247191011236,1.00,0.0,50.0,50.0,0.0,0.00,11,9,56.0,44.0,25.0,12.0,8.0
81,683014,694.0,2024,1,0,0,0,0,0,1,0,0,0,0,4,25,1.1,1,0,0,0,0,0,0,4,4,1,0,0,15,0,0,0,1,0,0,0,0,0,1,1,0,0,0,0,0,0,0,10,2,3,1,1,0,0,2,0,0,0,0,ORI,,0.00,0.00,.000,18.75,6.75,0.00,inf,0.00,25.0,0.0,25.0,2,0,0,1,.000,nan,1.53,1.58,2.13,200.0,161.4609571788413,160.20151133501258,152.13483146067418,2.00,0.0,66.7,33.3,0.0,0.00,10,8,60.0,40.0,20.0,8.0,20.0
61,683020,692.0,2024,1,0,2,2,0,0,1,0,0,4,0,9,28,1.2,0,1,0,0,0,0,2,9,5,1,0,0,22,0,0,0,0,0,0,0,0,0,1,2,2,0,0,0,0,0,0,19,1,8,3,0,0,0,4,1,0,1,2,ZUL,,10.80,2.40,.440,16.80,5.40,0.00,inf,0.00,11.1,0.0,11.1,6,0,1,1,.500,50.0,1.83,1.87,1.89,-72.04030226700252,153.90428211586902,152.89672544080605,157.52808988764048,6.00,12.5,75.0,12.5,0.0,0.00,6,18,78.6,21.4,5.3,3.6,10.7
41,686402,698.0,2024,2,0,0,0,0,0,0,0,0,0,1,4,21,1.1,0,0,0,0,1,0,0,5,4,2,0,0,10,0,0,0,1,2,0,0,0,0,1,1,0,0,0,0,0,0,1,7,2,4,1,3,0,0,1,0,0,0,0,LAG,,0.00,0.00,.000,15.75,0.00,0.00,nan,0.00,0.0,0.0,0.0,1,0,0,3,.000,100.0,5.28,5.44,7.95,200.0,67.00251889168767,62.97229219143576,21.34831460674158,0.33,0.0,25.0,75.0,0.0,0.00,11,5,47.6,52.4,28.6,9.5,14.3
100,690345,693.0,2024,1,0,2,0,0,0,0,1,0,2,0,3,17,0.1,0,0,0,0,1,0,2,4,1,1,0,0,10,0,0,0,0,0,0,0,0,0,0,1,2,1,0,0,0,0,2,7,2,3,0,0,0,0,1,0,0,2,0,LAR,,54.00,9.00,.670,51.00,0.00,27.00,0.00,0.00,0.0,25.0,-25.0,1,0,2,0,.670,33.3,12.03,12.03,7.80,-1160.2015113350126,-103.02267002518887,-103.02267002518887,24.71910112359552,inf,66.7,33.3,0.0,0.0,nan,7,5,58.8,41.2,28.6,11.8,17.6
94,691869,693.0,2024,2,0,0,0,0,0,1,0,0,0,0,6,18,2.0,0,0,0,0,2,0,0,6,6,2,0,0,16,0,0,0,0,0,0,0,0,0,2,0,0,0,0,0,0,0,0,13,4,5,0,2,1,0,2,0,0,0,0,LAR,,0.00,0.00,.000,9.00,4.50,0.00,inf,0.00,16.7,0.0,16.7,2,1,0,2,.000,nan,2.03,2.10,3.74,200.0,148.86649874055416,147.10327455919395,115.95505617977528,1.00,0.0,40.0,40.0,20.0,0.00,2,9,88.9,11.1,30.8,22.2,16.7
25,692024,699.0,2024,1,0,0,0,0,0,0,0,0,0,1,2,9,1.0,0,0,0,0,0,0,0,3,3,1,0,0,6,0,0,0,0,0,0,0,0,0,1,0,0,0,0,0,0,1,1,5,1,2,2,1,0,0,1,0,0,0,0,ARA,,0.00,0.00,.000,9.00,0.00,0.00,nan,0.00,0.0,0.0,0.0,1,0,0,1,.000,100.0,6.03,6.10,6.14,200.0,48.11083123425692,46.347607052896734,62.022471910112365,1.00,0.0,50.0,50.0,0.0,0.00,3,4,66.7,33.3,20.0,11.1,11.1
60,692369,692.0,2024,1,1,2,1,0,0,1,2,0,4,0,11,39,2.2,0,0,0,0,0,0,2,14,8,1,0,0,24,0,0,0,0,0,0,0,0,1,2,2,3,0,0,0,0,0,2,16,1,11,0,3,0,0,4,0,0,3,1,ZUL,,6.75,2.25,.360,14.62,3.38,6.75,0.50,0.00,7.1,14.3,-7.2,5,0,3,3,.360,66.7,4.53,4.61,6.20,29.97481108312343,85.8942065491184,83.87909319899245,60.67415730337078,1.67,27.3,45.5,27.3,0.0,0.00,15,15,61.5,38.5,6.2,2.6,20.5
80,692623,694.0,2024,1,0,0,0,0,0,3,0,0,2,1,7,34,1.2,0,0,0,0,0,0,0,8,5,1,0,0,25,0,0,0,0,2,0,0,0,0,1,2,0,0,0,0,0,0,1,22,6,4,0,0,0,0,2,0,0,2,0,ORI,,0.00,1.20,.290,20.40,16.20,0.00,inf,0.00,37.5,0.0,37.5,2,0,2,0,.500,100.0,1.23,1.23,0.92,200.0,169.0176322418136,169.0176322418136,179.32584269662922,inf,50.0,50.0,0.0,0.0,nan,9,16,73.5,26.5,27.3,17.6,8.8
12,694037,696.0,2024,2,0,3,1,0,0,3,2,1,5,0,10,37,1.2,0,0,0,1,0,1,3,12,5,2,0,0,25,0,1,0,0,0,0,0,0,0,1,2,3,0,0,0,0,0,3,15,3,7,0,0,0,1,1,0,1,4,0,MAG,,16.20,4.20,.500,22.20,16.20,10.80,1.50,0.00,25.0,16.7,8.3,1,1,5,0,.710,57.1,3.03,3.03,4.28,-208.06045340050377,123.67758186397985,123.67758186397985,103.82022471910113,inf,71.4,14.3,0.0,14.3,nan,12,12,67.6,32.4,20.0,8.1,27.0
6,696037,696.0,2024,2,0,0,0,0,0,1,0,0,0,0,9,27,3.0,1,0,0,0,0,0,0,9,9,2,0,0,23,0,0,0,0,0,0,0,0,0,3,0,0,0,0,0,0,0,0,18,2,8,3,4,1,1,2,0,0,0,0,MAG,,0.00,0.00,.000,9.00,3.00,0.00,inf,0.00,11.1,0.0,11.1,2,1,1,4,.000,nan,2.36,2.46,5.34,200.0,140.55415617128463,138.03526448362723,80.0,0.50,12.5,25.0,50.0,12.5,0.00,4,16,85.2,14.8,11.1,7.4,18.5
4,696095,696.0,2024,1,0,0,0,0,0,1,1,0,0,0,3,24,1.0,0,0,0,0,0,0,0,4,3,1,0,0,11,0,0,0,1,0,0,0,0,0,1,0,0,0,0,0,0,0,0,7,0,2,0,0,0,1,1,0,0,0,0,MAG,,0.00,1.00,.000,24.00,9.00,9.00,1.00,0.00,25.0,25.0,0.0,1,0,1,0,.000,100.0,4.03,4.03,4.66,200.0,98.48866498740554,98.48866498740554,95.28089887640449,inf,50.0,50.0,0.0,0.0,nan,13,7,45.8,54.2,0.0,0.0,16.7
43,699129,698.0,2024,1,0,0,0,0,0,0,0,0,0,0,3,9,1.0,0,0,0,0,1,0,0,3,3,1,0,0,5,0,0,0,0,0,0,0,0,0,1,0,0,0,0,0,0,0,0,4,1,3,1,2,0,0,1,0,0,0,0,LAG,,0.00,0.00,.000,9.00,0.00,0.00,nan,0.00,0.0,0.0,0.0,1,0,0,2,.000,nan,3.03,3.17,7.50,200.0,123.67758186397985,120.15113350125945,31.46067415730338,0.50,0.0,33.3,66.7,0.0,0.00,4,3,55.6,44.4,25.0,11.1,11.1
40,699215,698.0,2024,1,0,0,0,0,0,1,1,0,1,0,6,25,2.0,0,0,0,0,0,0,0,7,6,1,0,0,14,0,0,0,0,0,0,0,0,0,2,0,0,0,0,0,0,1,2,9,2,5,0,2,0,0,2,0,0,0,1,LAG,,0.00,1.00,.170,12.50,4.50,4.50,1.00,0.00,14.3,14.3,0.0,3,0,0,2,.200,100.0,3.53,3.60,5.21,200.0,111.0831234256927,109.3198992443325,82.92134831460676,1.50,0.0,60.0,40.0,0.0,0.00,11,7,56.0,44.0,22.2,8.0,20.0
85,699703,694.0,2024,1,0,1,0,0,1,1,1,0,2,0,8,23,2.0,0,0,0,0,0,0,1,9,6,1,0,0,17,0,0,0,0,0,0,0,0,0,2,0,0,0,0,0,0,0,2,13,4,7,0,3,1,1,0,1,0,1,0,ORI,,4.50,1.50,.250,11.50,4.50,4.50,1.00,4.50,11.1,11.1,0.0,0,1,2,4,.170,125.0,10.03,3.67,8.41,86.64987405541562,-52.64483627204029,107.5566750629723,11.011235955056176,0.00,28.6,0.0,57.1,14.3,0.25,6,9,73.9,26.1,30.8,17.4,17.4
34,800536,699.0,2024,1,0,1,0,0,0,0,0,0,3,0,4,11,0.1,0,0,0,0,0,0,1,4,1,1,0,0,7,0,0,0,0,0,0,0,0,0,0,1,2,0,0,0,0,0,2,7,1,4,0,0,0,0,1,1,0,2,0,ARA,,27.00,9.00,.750,33.00,0.00,0.00,nan,0.00,0.0,0.0,0.0,1,0,2,1,.750,66.7,3.03,3.25,6.14,-480.1007556675063,123.67758186397985,118.1360201511335,62.022471910112365,1.00,50.0,25.0,25.0,0.0,0.00,4,6,63.6,36.4,14.3,9.1,0.0
27,803247,699.0,2024,1,0,0,0,0,0,0,0,0,0,0,2,11,0.2,0,0,0,0,0,0,0,2,2,1,0,0,7,0,0,0,1,2,0,0,0,0,0,2,0,0,0,0,0,0,0,5,1,2,0,0,0,0,2,0,0,0,0,ARA,,0.00,0.00,.000,16.50,0.00,0.00,nan,0.00,0.0,0.0,0.0,2,0,0,0,.000,nan,3.03,3.03,-2.38,200.0,123.67758186397985,123.67758186397985,253.4831460674157,inf,0.0,100.0,0.0,0.0,nan,4,4,63.6,36.4,20.0,9.1,18.2
